x,y,ids,split
0.0,0.0,0_0,0
7.856742013183862,1365.3949329612037,0_0,0
15.713484026367723,3350.777825131708,0_0,0
23.570226039551585,4585.0135318235325,0_0,0
31.426968052735447,5701.163355244803,0_0,0
39.28371006591931,6470.656765604469,0_0,0
47.14045207910317,7139.36708740532,0_0,0
54.99719409228703,7828.844201617042,0_0,0
62.85393610547089,8441.60971468654,0_0,0
70.71067811865476,9047.512344679635,0_0,0
0.0,0.0,0_1,0
7.856742013183862,693.3229391637178,0_1,0
15.713484026367723,2026.5654391374921,0_1,0
23.570226039551585,2987.690248227508,0_1,0
31.426968052735447,4081.82324242545,0_1,0
39.28371006591931,4942.4589276730785,0_1,0
47.14045207910317,5783.863581524226,0_1,0
54.99719409228703,6548.462970654216,0_1,0
62.85393610547089,7297.678914651053,0_1,0
70.71067811865476,7949.458087903672,0_1,0
0.0,0.0,0_2,0
7.856742013183862,620.2445199852358,0_2,0
15.713484026367723,1841.260862280953,0_2,0
23.570226039551585,3121.080120562163,0_2,0
31.426968052735447,4407.149253260477,0_2,0
39.28371006591931,5399.9856753091135,0_2,0
47.14045207910317,6275.267259652964,0_2,0
54.99719409228703,7097.391437514822,0_2,0
62.85393610547089,7941.196432138588,0_2,0
70.71067811865476,8753.338813497441,0_2,0
0.0,0.0,0_3,0
7.856742013183862,525.875606635705,0_3,0
15.713484026367723,1619.813713763534,0_3,0
23.570226039551585,2597.108700235547,0_3,0
31.426968052735447,3766.3974921338654,0_3,0
39.28371006591931,4680.54038873122,0_3,0
47.14045207910317,5546.244908892137,0_3,0
54.99719409228703,6404.567848255011,0_3,0
62.85393610547089,7259.011379959448,0_3,0
70.71067811865476,8133.081570714086,0_3,0
0.0,0.0,0_4,0
7.856742013183862,626.9219670615129,0_4,0
15.713484026367723,1792.439049621325,0_4,0
23.570226039551585,3025.796924656526,0_4,0
31.426968052735447,4487.361955899468,0_4,0
39.28371006591931,5505.563859706413,0_4,0
47.14045207910317,6340.931995986697,0_4,0
54.99719409228703,7093.329476690768,0_4,0
62.85393610547089,7885.5866386120215,0_4,0
70.71067811865476,8635.037008955962,0_4,0
0.0,0.0,0_5,0
7.856742013183862,635.9653476406677,0_5,0
15.713484026367723,1575.6448590182304,0_5,0
23.570226039551585,2681.1570208885187,0_5,0
31.426968052735447,3659.9875021648704,0_5,0
39.28371006591931,4512.36249698334,0_5,0
47.14045207910317,5341.918108030459,0_5,0
54.99719409228703,6148.691318067041,0_5,0
62.85393610547089,6948.692512013809,0_5,0
70.71067811865476,7738.327753357228,0_5,0
0.0,0.0,0_6,0
7.856742013183862,807.572725078212,0_6,0
15.713484026367723,2225.492034491079,0_6,0
23.570226039551585,3148.0567633730684,0_6,0
31.426968052735447,4435.664290970561,0_6,0
39.28371006591931,5223.764943635523,0_6,0
47.14045207910317,5973.312295963443,0_6,0
54.99719409228703,6741.506723470716,0_6,0
62.85393610547089,7568.67717190025,0_6,0
70.71067811865476,8324.86569936419,0_6,0
0.0,0.0,0_7,0
7.856742013183862,705.037236432853,0_7,0
15.713484026367723,2068.0324816603143,0_7,0
23.570226039551585,3250.04949362839,0_7,0
31.426968052735447,4545.778962943071,0_7,0
39.28371006591931,5400.075324352016,0_7,0
47.14045207910317,6165.714880963972,0_7,0
54.99719409228703,6917.412879928101,0_7,0
62.85393610547089,7641.092813478161,0_7,0
70.71067811865476,8487.02642474829,0_7,0
0.0,0.0,0_8,0
7.856742013183862,808.5096113383327,0_8,0
15.713484026367723,2229.1085446008838,0_8,0
23.570226039551585,3514.7152344981637,0_8,0
31.426968052735447,4872.9630066857435,0_8,0
39.28371006591931,5775.978235544294,0_8,0
47.14045207910317,6607.429408131565,0_8,0
54.99719409228703,7378.8253401897855,0_8,0
62.85393610547089,8133.355286900437,0_8,0
70.71067811865476,8872.609664664067,0_8,0
0.0,0.0,0_9,0
7.856742013183862,721.7183828468648,0_9,0
15.713484026367723,1692.4754730215172,0_9,0
23.570226039551585,2777.572341502511,0_9,0
31.426968052735447,4293.213579056921,0_9,0
39.28371006591931,5502.98336060081,0_9,0
47.14045207910317,6486.812963609405,0_9,0
54.99719409228703,7383.103177774347,0_9,0
62.85393610547089,8220.98025750495,0_9,0
70.71067811865476,9003.847162299124,0_9,0
0.0,0.0,0_10,0
7.856742013183862,750.2622885327003,0_10,0
15.713484026367723,1981.5541169559879,0_10,0
23.570226039551585,3009.431951348898,0_10,0
31.426968052735447,4093.2767162806304,0_10,0
39.28371006591931,4931.18030857108,0_10,0
47.14045207910317,5700.501639113374,0_10,0
54.99719409228703,6477.536762189801,0_10,0
62.85393610547089,7296.342611584791,0_10,0
70.71067811865476,8100.337616792904,0_10,0
0.0,0.0,0_11,0
7.856742013183862,997.5062727945293,0_11,0
15.713484026367723,2124.2247912153257,0_11,0
23.570226039551585,3213.1157342145502,0_11,0
31.426968052735447,4469.251797829943,0_11,0
39.28371006591931,5315.7536220029915,0_11,0
47.14045207910317,6024.102785887857,0_11,0
54.99719409228703,6716.722556912175,0_11,0
62.85393610547089,7427.93587463393,0_11,0
70.71067811865476,8132.053002327686,0_11,0
0.0,0.0,0_12,0
7.856742013183862,611.3982775387403,0_12,0
15.713484026367723,1533.3749771696132,0_12,0
23.570226039551585,2500.576115627252,0_12,0
31.426968052735447,3512.973904702961,0_12,0
39.28371006591931,4362.089232449049,0_12,0
47.14045207910317,5210.29557156419,0_12,0
54.99719409228703,6045.4267766015155,0_12,0
62.85393610547089,6875.140830112716,0_12,0
70.71067811865476,7707.4238765359405,0_12,0
0.0,0.0,0_13,0
7.856742013183862,604.2077696722828,0_13,0
15.713484026367723,1730.7808284389098,0_13,0
23.570226039551585,2670.618726126838,0_13,0
31.426968052735447,3553.142390743289,0_13,0
39.28371006591931,4369.072686070812,0_13,0
47.14045207910317,5163.133261723653,0_13,0
54.99719409228703,5964.701322272952,0_13,0
62.85393610547089,6767.17737265336,0_13,0
70.71067811865476,7560.6777843586015,0_13,0
0.0,0.0,0_14,0
7.856742013183862,737.398504606103,0_14,0
15.713484026367723,1811.6110382515553,0_14,0
23.570226039551585,2700.152965236603,0_14,0
31.426968052735447,4509.594870511356,0_14,0
39.28371006591931,5435.23943344803,0_14,0
47.14045207910317,6215.622286693212,0_14,0
54.99719409228703,7029.842400676186,0_14,0
62.85393610547089,7852.005625968791,0_14,0
70.71067811865476,8679.987747922782,0_14,0
0.0,0.0,0_15,0
7.856742013183862,857.4869835713516,0_15,0
15.713484026367723,1919.3131865414898,0_15,0
23.570226039551585,2961.5387501989267,0_15,0
31.426968052735447,4055.8991126025485,0_15,0
39.28371006591931,4798.834426946298,0_15,0
47.14045207910317,5518.548049152679,0_15,0
54.99719409228703,6216.774524233506,0_15,0
62.85393610547089,6906.072896884067,0_15,0
70.71067811865476,7564.011213086944,0_15,0
0.0,0.0,0_16,0
7.856742013183862,478.92599240537004,0_16,0
15.713484026367723,1512.2611655751546,0_16,0
23.570226039551585,2621.016256633138,0_16,0
31.426968052735447,3687.9557227852865,0_16,0
39.28371006591931,4686.005260307717,0_16,0
47.14045207910317,5686.366966190022,0_16,0
54.99719409228703,6665.319275833445,0_16,0
62.85393610547089,7635.00342163491,0_16,0
70.71067811865476,8602.833102663359,0_16,0
0.0,0.0,0_17,0
7.856742013183862,579.3431216337129,0_17,0
15.713484026367723,1562.6893569723163,0_17,0
23.570226039551585,2633.281167092999,0_17,0
31.426968052735447,3805.4470905628364,0_17,0
39.28371006591931,4744.131778882774,0_17,0
47.14045207910317,5627.819572347423,0_17,0
54.99719409228703,6502.666691144863,0_17,0
62.85393610547089,7408.20487672312,0_17,0
70.71067811865476,8286.175583340273,0_17,0
0.0,0.0,0_18,0
7.856742013183862,768.6102341592759,0_18,0
15.713484026367723,1850.831944891941,0_18,0
23.570226039551585,2782.3828534430386,0_18,0
31.426968052735447,3657.928845866872,0_18,0
39.28371006591931,4490.913787325643,0_18,0
47.14045207910317,5308.753261621406,0_18,0
54.99719409228703,6124.495123239335,0_18,0
62.85393610547089,6889.2112341568445,0_18,0
70.71067811865476,7633.0144457311235,0_18,0
0.0,0.0,0_19,0
7.856742013183862,772.402986624956,0_19,0
15.713484026367723,1713.5585428091465,0_19,0
23.570226039551585,2677.351274805384,0_19,0
31.426968052735447,4005.4467427679165,0_19,0
39.28371006591931,4904.658635559831,0_19,0
47.14045207910317,5764.069125085907,0_19,0
54.99719409228703,6639.63228877034,0_19,0
62.85393610547089,7478.305176931285,0_19,0
70.71067811865476,8344.04208201238,0_19,0
0.0,0.0,0_20,0
7.856742013183862,661.49224560367,0_20,0
15.713484026367723,1834.7749517010432,0_20,0
23.570226039551585,3168.724465448682,0_20,0
31.426968052735447,4518.623890980081,0_20,0
39.28371006591931,5513.818491529395,0_20,0
47.14045207910317,6452.5514576052765,0_20,0
54.99719409228703,7405.377708892321,0_20,0
62.85393610547089,8376.85907533134,0_20,0
70.71067811865476,9340.630343549758,0_20,0
0.0,0.0,0_21,0
7.856742013183862,671.413219191246,0_21,0
15.713484026367723,1853.6411056851957,0_21,0
23.570226039551585,3024.2616037594707,0_21,0
31.426968052735447,4088.811033789169,0_21,0
39.28371006591931,4886.458490544261,0_21,0
47.14045207910317,5673.4908850204365,0_21,0
54.99719409228703,6460.826598772629,0_21,0
62.85393610547089,7225.420845627168,0_21,0
70.71067811865476,7998.736983732493,0_21,0
0.0,0.0,0_22,0
7.856742013183862,720.3249470947829,0_22,0
15.713484026367723,1991.935862879196,0_22,0
23.570226039551585,2861.443543979256,0_22,0
31.426968052735447,3817.2787968591974,0_22,0
39.28371006591931,4716.61883298556,0_22,0
47.14045207910317,5659.548988051384,0_22,0
54.99719409228703,6475.955687721674,0_22,0
62.85393610547089,7244.002677501339,0_22,0
70.71067811865476,8048.3449043320015,0_22,0
0.0,0.0,0_23,0
7.856742013183862,771.6331808112889,0_23,0
15.713484026367723,1744.2029055707576,0_23,0
23.570226039551585,2835.8565229460078,0_23,0
31.426968052735447,3775.253897662563,0_23,0
39.28371006591931,4542.995351420289,0_23,0
47.14045207910317,5309.164191054825,0_23,0
54.99719409228703,6098.664496900368,0_23,0
62.85393610547089,6946.064387036084,0_23,0
70.71067811865476,7833.169948386288,0_23,0
0.0,0.0,0_24,0
7.856742013183862,669.3749825936158,0_24,0
15.713484026367723,1518.7535083227522,0_24,0
23.570226039551585,2637.8448303501837,0_24,0
31.426968052735447,4251.860747696766,0_24,0
39.28371006591931,5307.510804405599,0_24,0
47.14045207910317,6215.232380478124,0_24,0
54.99719409228703,6942.299348886893,0_24,0
62.85393610547089,7625.745175761429,0_24,0
70.71067811865476,8311.423485319057,0_24,0
0.0,0.0,0_25,0
7.856742013183862,857.8095452866801,0_25,0
15.713484026367723,2382.96634128391,0_25,0
23.570226039551585,3354.797052167451,0_25,0
31.426968052735447,5159.360837876598,0_25,0
39.28371006591931,6061.715167348539,0_25,0
47.14045207910317,6867.0047315325455,0_25,0
54.99719409228703,7657.574309827402,0_25,0
62.85393610547089,8450.530619404346,0_25,0
70.71067811865476,9129.011933768254,0_25,0
0.0,0.0,0_26,0
7.856742013183862,569.6517831738823,0_26,0
15.713484026367723,1498.935619786134,0_26,0
23.570226039551585,2612.942489478737,0_26,0
31.426968052735447,3939.158480430432,0_26,0
39.28371006591931,4904.252585704024,0_26,0
47.14045207910317,5856.506626444848,0_26,0
54.99719409228703,6839.677442895369,0_26,0
62.85393610547089,7766.691647176251,0_26,0
70.71067811865476,8672.95729162014,0_26,0
0.0,0.0,0_27,0
7.856742013183862,662.7559303329718,0_27,0
15.713484026367723,1846.41165075298,0_27,0
23.570226039551585,2868.4459466472185,0_27,0
31.426968052735447,3826.8376503213613,0_27,0
39.28371006591931,4644.395056726975,0_27,0
47.14045207910317,5447.612865180912,0_27,0
54.99719409228703,6282.590783264943,0_27,0
62.85393610547089,7105.2891994075135,0_27,0
70.71067811865476,7915.2980371411695,0_27,0
0.0,0.0,0_28,0
7.856742013183862,824.6103708222311,0_28,0
15.713484026367723,2330.9935231455293,0_28,0
23.570226039551585,3581.302860659628,0_28,0
31.426968052735447,5034.154830077029,0_28,0
39.28371006591931,5913.989854530484,0_28,0
47.14045207910317,6708.6461403404655,0_28,0
54.99719409228703,7459.593060519362,0_28,0
62.85393610547089,8186.883633408773,0_28,0
70.71067811865476,8879.4848153627,0_28,0
0.0,0.0,0_29,0
7.856742013183862,452.0244766110435,0_29,0
15.713484026367723,1276.3873711205404,0_29,0
23.570226039551585,2503.565388489485,0_29,0
31.426968052735447,3851.013888141021,0_29,0
39.28371006591931,4910.623324680398,0_29,0
47.14045207910317,5904.436356610176,0_29,0
54.99719409228703,6892.290446643398,0_29,0
62.85393610547089,7889.01811711606,0_29,0
70.71067811865476,8884.70158938313,0_29,0
0.0,0.0,0_30,0
7.856742013183862,607.9564490952008,0_30,0
15.713484026367723,1551.217596742095,0_30,0
23.570226039551585,2572.512980476737,0_30,0
31.426968052735447,3888.251489013844,0_30,0
39.28371006591931,4783.164730998155,0_30,0
47.14045207910317,5641.868475206985,0_30,0
54.99719409228703,6472.982600913765,0_30,0
62.85393610547089,7293.60174300058,0_30,0
70.71067811865476,8118.425268098098,0_30,0
0.0,0.0,0_31,0
7.856742013183862,645.8349610624335,0_31,0
15.713484026367723,1745.0532792299446,0_31,0
23.570226039551585,2841.9605229227245,0_31,0
31.426968052735447,4037.1713422850235,0_31,0
39.28371006591931,4870.631838783474,0_31,0
47.14045207910317,5817.340212703608,0_31,0
54.99719409228703,6749.821909133319,0_31,0
62.85393610547089,7591.297772699494,0_31,0
70.71067811865476,8418.09541426243,0_31,0
0.0,0.0,0_32,0
7.856742013183862,807.7631534394205,0_32,0
15.713484026367723,2202.475553510563,0_32,0
23.570226039551585,3192.119788456666,0_32,0
31.426968052735447,4136.217054940295,0_32,0
39.28371006591931,4904.110523331684,0_32,0
47.14045207910317,5608.406835161638,0_32,0
54.99719409228703,6282.617687486364,0_32,0
62.85393610547089,6981.269102850577,0_32,0
70.71067811865476,7675.444436512322,0_32,0
0.0,0.0,0_33,0
7.856742013183862,564.7551751056362,0_33,0
15.713484026367723,1481.4770201748122,0_33,0
23.570226039551585,2568.0767785853245,0_33,0
31.426968052735447,4050.7396988785104,0_33,0
39.28371006591931,4935.756452447648,0_33,0
47.14045207910317,5795.165946449614,0_33,0
54.99719409228703,6614.168987340075,0_33,0
62.85393610547089,7462.780659220181,0_33,0
70.71067811865476,8342.747704172545,0_33,0
0.0,0.0,0_34,0
7.856742013183862,776.9380207475041,0_34,0
15.713484026367723,2297.613277999192,0_34,0
23.570226039551585,3528.634236670001,0_34,0
31.426968052735447,4701.817827185463,0_34,0
39.28371006591931,5557.219277574779,0_34,0
47.14045207910317,6356.032503821578,0_34,0
54.99719409228703,7118.941584012554,0_34,0
62.85393610547089,7872.880388249269,0_34,0
70.71067811865476,8632.75267367387,0_34,0
0.0,0.0,0_35,0
7.856742013183862,530.0595511017036,0_35,0
15.713484026367723,1552.075184790775,0_35,0
23.570226039551585,2624.5366929777692,0_35,0
31.426968052735447,3564.6116641371527,0_35,0
39.28371006591931,4463.116001257949,0_35,0
47.14045207910317,5378.358767723657,0_35,0
54.99719409228703,6305.8762810911185,0_35,0
62.85393610547089,7285.046299022603,0_35,0
70.71067811865476,8201.822224194279,0_35,0
0.0,0.0,0_36,0
7.856742013183862,921.3052247333629,0_36,0
15.713484026367723,2271.4442243397566,0_36,0
23.570226039551585,3324.525616204018,0_36,0
31.426968052735447,5421.792769553349,0_36,0
39.28371006591931,6509.234407080122,0_36,0
47.14045207910317,7408.462131557081,0_36,0
54.99719409228703,8261.381286556798,0_36,0
62.85393610547089,9073.222405472881,0_36,0
70.71067811865476,9820.452977095843,0_36,0
0.0,0.0,0_37,0
7.856742013183862,1591.1301210841436,0_37,0
15.713484026367723,4046.507692221635,0_37,0
23.570226039551585,5811.40644408959,0_37,0
31.426968052735447,8860.356989255266,0_37,0
39.28371006591931,10206.366379620316,0_37,0
47.14045207910317,11150.497480809583,0_37,0
54.99719409228703,11800.419710953367,0_37,0
62.85393610547089,12294.716285124316,0_37,0
70.71067811865476,12754.84883823317,0_37,0
0.0,0.0,0_38,0
7.856742013183862,918.0694743315995,0_38,0
15.713484026367723,2277.3270878424705,0_38,0
23.570226039551585,3241.349531521705,0_38,0
31.426968052735447,4641.440597624624,0_38,0
39.28371006591931,5495.972205702397,0_38,0
47.14045207910317,6423.561284229835,0_38,0
54.99719409228703,7149.751695927786,0_38,0
62.85393610547089,7778.814975025852,0_38,0
70.71067811865476,8357.297821935806,0_38,0
0.0,0.0,0_39,0
7.856742013183862,915.5863607641802,0_39,0
15.713484026367723,2140.4737964401634,0_39,0
23.570226039551585,3318.2570005248667,0_39,0
31.426968052735447,5646.205144807446,0_39,0
39.28371006591931,6712.981339311981,0_39,0
47.14045207910317,7643.381805210679,0_39,0
54.99719409228703,8548.58286533284,0_39,0
62.85393610547089,9561.53307786313,0_39,0
70.71067811865476,10421.111992224298,0_39,0
0.0,0.0,0_40,0
7.856742013183862,766.1404573587206,0_40,0
15.713484026367723,2081.2281086379858,0_40,0
23.570226039551585,3062.964825629715,0_40,0
31.426968052735447,4195.673158676073,0_40,0
39.28371006591931,5010.397454533266,0_40,0
47.14045207910317,5771.19202875868,0_40,0
54.99719409228703,6524.985497849362,0_40,0
62.85393610547089,7255.030406118145,0_40,0
70.71067811865476,7962.4909737900425,0_40,0
0.0,0.0,0_41,0
7.856742013183862,652.4347004110999,0_41,0
15.713484026367723,1776.0924436508305,0_41,0
23.570226039551585,2804.76522301897,0_41,0
31.426968052735447,4080.204160306454,0_41,0
39.28371006591931,5014.393391600927,0_41,0
47.14045207910317,5891.9387840814425,0_41,0
54.99719409228703,6764.996442686912,0_41,0
62.85393610547089,7604.58470412088,0_41,0
70.71067811865476,8341.8770286981,0_41,0
0.0,0.0,0_42,0
7.856742013183862,729.1363987809445,0_42,0
15.713484026367723,2082.292333014515,0_42,0
23.570226039551585,3197.5196746129213,0_42,0
31.426968052735447,4394.818647916933,0_42,0
39.28371006591931,5132.133572919132,0_42,0
47.14045207910317,5838.867290443234,0_42,0
54.99719409228703,6590.30088234453,0_42,0
62.85393610547089,7387.189393345097,0_42,0
70.71067811865476,8189.660829608247,0_42,0
0.0,0.0,0_43,0
7.856742013183862,508.3000266706916,0_43,0
15.713484026367723,1515.173535119032,0_43,0
23.570226039551585,2593.6339474343317,0_43,0
31.426968052735447,4082.9857987815644,0_43,0
39.28371006591931,5212.2968122990005,0_43,0
47.14045207910317,6214.722326237434,0_43,0
54.99719409228703,7132.710297478745,0_43,0
62.85393610547089,8069.433578199743,0_43,0
70.71067811865476,9023.57573433742,0_43,0
0.0,0.0,0_44,0
7.856742013183862,677.8843467267444,0_44,0
15.713484026367723,1807.138295673467,0_44,0
23.570226039551585,2682.975939830477,0_44,0
31.426968052735447,3692.732253082302,0_44,0
39.28371006591931,4432.707097889489,0_44,0
47.14045207910317,5175.238377064834,0_44,0
54.99719409228703,5967.714866831384,0_44,0
62.85393610547089,6760.764666600569,0_44,0
70.71067811865476,7553.083788106049,0_44,0
0.0,0.0,0_45,0
7.856742013183862,641.7533158077821,0_45,0
15.713484026367723,1707.6932772751306,0_45,0
23.570226039551585,2801.4919588074367,0_45,0
31.426968052735447,3958.2594853347396,0_45,0
39.28371006591931,4821.650803010644,0_45,0
47.14045207910317,5562.9802250212615,0_45,0
54.99719409228703,6329.329656551404,0_45,0
62.85393610547089,7252.721168184512,0_45,0
70.71067811865476,8143.545105385801,0_45,0
0.0,0.0,0_46,0
7.856742013183862,963.3000730483215,0_46,0
15.713484026367723,2099.3201746222567,0_46,0
23.570226039551585,3077.7565568232108,0_46,0
31.426968052735447,4690.291937033062,0_46,0
39.28371006591931,5503.1959066394265,0_46,0
47.14045207910317,6292.751466368217,0_46,0
54.99719409228703,7098.3346316490215,0_46,0
62.85393610547089,7950.1983022966515,0_46,0
70.71067811865476,8835.779492290585,0_46,0
0.0,0.0,0_47,0
7.856742013183862,674.5203338932376,0_47,0
15.713484026367723,1805.7523854442125,0_47,0
23.570226039551585,2794.0417379706446,0_47,0
31.426968052735447,3736.2597540625025,0_47,0
39.28371006591931,4626.1498084229315,0_47,0
47.14045207910317,5466.707121449253,0_47,0
54.99719409228703,6344.914899176418,0_47,0
62.85393610547089,7224.2994701535135,0_47,0
70.71067811865476,8099.368275138694,0_47,0
0.0,0.0,0_48,0
7.856742013183862,1179.3670290421385,0_48,0
15.713484026367723,2929.578857753787,0_48,0
23.570226039551585,3942.133984105153,0_48,0
31.426968052735447,4895.04694425522,0_48,0
39.28371006591931,5661.642350349279,0_48,0
47.14045207910317,6285.737330098372,0_48,0
54.99719409228703,6991.423705752512,0_48,0
62.85393610547089,7586.523606365339,0_48,0
70.71067811865476,8196.06673845079,0_48,0
0.0,0.0,0_49,0
7.856742013183862,693.8232328244768,0_49,0
15.713484026367723,2007.672519667402,0_49,0
23.570226039551585,2984.5659263092393,0_49,0
31.426968052735447,3969.8301233947354,0_49,0
39.28371006591931,4701.678724273712,0_49,0
47.14045207910317,5425.32134709667,0_49,0
54.99719409228703,6169.723223058353,0_49,0
62.85393610547089,6893.880251535585,0_49,0
70.71067811865476,7632.648652234251,0_49,0
0.0,0.0,0_50,0
7.856742013183862,733.1466407857895,0_50,0
15.713484026367723,1994.154544527934,0_50,0
23.570226039551585,3161.2611162363733,0_50,0
31.426968052735447,4456.274464788496,0_50,0
39.28371006591931,5277.780791260638,0_50,0
47.14045207910317,6002.813530600096,0_50,0
54.99719409228703,6882.398284089548,0_50,0
62.85393610547089,7648.815130515059,0_50,0
70.71067811865476,8395.424462506158,0_50,0
0.0,0.0,0_51,0
7.856742013183862,826.7736906888503,0_51,0
15.713484026367723,1743.0611784651765,0_51,0
23.570226039551585,2554.2586099208006,0_51,0
31.426968052735447,3319.1481171914184,0_51,0
39.28371006591931,4052.199583992534,0_51,0
47.14045207910317,4793.506818276302,0_51,0
54.99719409228703,5547.85314485029,0_51,0
62.85393610547089,6308.948769150051,0_51,0
70.71067811865476,7075.190356146919,0_51,0
0.0,0.0,0_52,0
7.856742013183862,833.5460483458527,0_52,0
15.713484026367723,2028.2643919789061,0_52,0
23.570226039551585,2960.0264919857,0_52,0
31.426968052735447,3804.668243267938,0_52,0
39.28371006591931,4605.442691628949,0_52,0
47.14045207910317,5327.061170467679,0_52,0
54.99719409228703,6005.943187202613,0_52,0
62.85393610547089,6677.490216447143,0_52,0
70.71067811865476,7341.413431404002,0_52,0
0.0,0.0,0_53,0
7.856742013183862,706.2769265309503,0_53,0
15.713484026367723,1592.2176741112921,0_53,0
23.570226039551585,2573.7134819722924,0_53,0
31.426968052735447,3467.0015810510154,0_53,0
39.28371006591931,4272.843952056095,0_53,0
47.14045207910317,5064.046822263006,0_53,0
54.99719409228703,5868.304061785202,0_53,0
62.85393610547089,6686.212087883055,0_53,0
70.71067811865476,7511.262969587633,0_53,0
0.0,0.0,0_54,0
7.856742013183862,494.49428406708716,0_54,0
15.713484026367723,1536.755507265354,0_54,0
23.570226039551585,2650.4321964562073,0_54,0
31.426968052735447,3854.352335169248,0_54,0
39.28371006591931,4802.51259883684,0_54,0
47.14045207910317,5708.205476165891,0_54,0
54.99719409228703,6586.387656218153,0_54,0
62.85393610547089,7463.880282885462,0_54,0
70.71067811865476,8328.453540695182,0_54,0
0.0,0.0,0_55,0
7.856742013183862,738.0997125789729,0_55,0
15.713484026367723,2003.0148028427138,0_55,0
23.570226039551585,3017.552537368565,0_55,0
31.426968052735447,4353.382351416519,0_55,0
39.28371006591931,5237.776266927142,0_55,0
47.14045207910317,6084.079896320279,0_55,0
54.99719409228703,6887.2571456413725,0_55,0
62.85393610547089,7646.089277369129,0_55,0
70.71067811865476,8450.18983369371,0_55,0
0.0,0.0,0_56,0
7.856742013183862,835.0886590608386,0_56,0
15.713484026367723,1806.818904067328,0_56,0
23.570226039551585,3020.5404436985377,0_56,0
31.426968052735447,4373.582249208146,0_56,0
39.28371006591931,5296.130465563678,0_56,0
47.14045207910317,6154.664639893944,0_56,0
54.99719409228703,6974.857592776488,0_56,0
62.85393610547089,7760.733802284474,0_56,0
70.71067811865476,8518.3167178609,0_56,0
0.0,0.0,0_57,0
7.856742013183862,848.3883633424973,0_57,0
15.713484026367723,1697.5260858743413,0_57,0
23.570226039551585,2796.1196247189882,0_57,0
31.426968052735447,4656.782527279586,0_57,0
39.28371006591931,5586.374330329563,0_57,0
47.14045207910317,6450.323369764787,0_57,0
54.99719409228703,7307.277708743382,0_57,0
62.85393610547089,8115.405290830932,0_57,0
70.71067811865476,8862.468087653986,0_57,0
0.0,0.0,0_58,0
7.856742013183862,589.7431029701016,0_58,0
15.713484026367723,1721.239574883152,0_58,0
23.570226039551585,2736.18756329701,0_58,0
31.426968052735447,4168.649617712527,0_58,0
39.28371006591931,5172.095984172845,0_58,0
47.14045207910317,6102.667885513476,0_58,0
54.99719409228703,6983.3986047257695,0_58,0
62.85393610547089,7828.1215393944285,0_58,0
70.71067811865476,8637.512520842087,0_58,0
0.0,0.0,0_59,0
7.856742013183862,774.7134500071987,0_59,0
15.713484026367723,1710.8847072335352,0_59,0
23.570226039551585,2693.7745129163313,0_59,0
31.426968052735447,4825.164127718804,0_59,0
39.28371006591931,5957.739527031918,0_59,0
47.14045207910317,6924.308524333483,0_59,0
54.99719409228703,7858.77341047897,0_59,0
62.85393610547089,8784.628273094737,0_59,0
70.71067811865476,9624.582043069504,0_59,0
0.0,0.0,0_60,0
7.856742013183862,705.4116755193912,0_60,0
15.713484026367723,1379.3640766805888,0_60,0
23.570226039551585,2608.3979390801014,0_60,0
31.426968052735447,4042.6193077135094,0_60,0
39.28371006591931,5005.09119671257,0_60,0
47.14045207910317,5868.563557979134,0_60,0
54.99719409228703,6715.151104479704,0_60,0
62.85393610547089,7554.648807060556,0_60,0
70.71067811865476,8388.361020976621,0_60,0
0.0,0.0,0_61,0
7.856742013183862,883.3597581810558,0_61,0
15.713484026367723,1620.6279032363389,0_61,0
23.570226039551585,2817.3856404454873,0_61,0
31.426968052735447,4578.881531662831,0_61,0
39.28371006591931,5376.441021859942,0_61,0
47.14045207910317,6185.424644493036,0_61,0
54.99719409228703,6997.592425298905,0_61,0
62.85393610547089,7795.471232378377,0_61,0
70.71067811865476,8508.818696624106,0_61,0
0.0,0.0,0_62,0
7.856742013183862,1125.8020997336148,0_62,0
15.713484026367723,2632.2267660531006,0_62,0
23.570226039551585,3781.367528483319,0_62,0
31.426968052735447,4819.620775512036,0_62,0
39.28371006591931,5580.797313632395,0_62,0
47.14045207910317,6383.379384152309,0_62,0
54.99719409228703,7153.787713280735,0_62,0
62.85393610547089,7998.048044130472,0_62,0
70.71067811865476,8776.585181757047,0_62,0
0.0,0.0,0_63,0
7.856742013183862,877.8297935472517,0_63,0
15.713484026367723,1836.266130365853,0_63,0
23.570226039551585,2830.4189571310226,0_63,0
31.426968052735447,4081.2137224013636,0_63,0
39.28371006591931,4938.39968636859,0_63,0
47.14045207910317,5756.547223577597,0_63,0
54.99719409228703,6608.440412934983,0_63,0
62.85393610547089,7541.837317939492,0_63,0
70.71067811865476,8435.768446937394,0_63,0
0.0,0.0,0_64,0
7.856742013183862,888.4143482364975,0_64,0
15.713484026367723,2103.4564973606816,0_64,0
23.570226039551585,3244.3180403127008,0_64,0
31.426968052735447,4174.0772517647365,0_64,0
39.28371006591931,4934.126095655721,0_64,0
47.14045207910317,5681.52878755723,0_64,0
54.99719409228703,6426.4892119504175,0_64,0
62.85393610547089,7183.995728452776,0_64,0
70.71067811865476,7965.111840357667,0_64,0
0.0,0.0,0_65,0
7.856742013183862,977.0283064480526,0_65,0
15.713484026367723,2237.349897317228,0_65,0
23.570226039551585,3134.740345007713,0_65,0
31.426968052735447,4750.438316530342,0_65,0
39.28371006591931,5568.646512517758,0_65,0
47.14045207910317,6328.974072847569,0_65,0
54.99719409228703,7063.418141308689,0_65,0
62.85393610547089,7787.851899503233,0_65,0
70.71067811865476,8523.967008083755,0_65,0
0.0,0.0,0_66,0
7.856742013183862,573.4315447833005,0_66,0
15.713484026367723,1708.9612005796218,0_66,0
23.570226039551585,2742.491513976094,0_66,0
31.426968052735447,3883.763539699658,0_66,0
39.28371006591931,4782.592522685986,0_66,0
47.14045207910317,5641.586974226008,0_66,0
54.99719409228703,6567.603385237585,0_66,0
62.85393610547089,7456.1870000021,0_66,0
70.71067811865476,8326.489251404982,0_66,0
0.0,0.0,0_67,0
7.856742013183862,656.1589821810118,0_67,0
15.713484026367723,1870.0157966374877,0_67,0
23.570226039551585,3030.0657883109807,0_67,0
31.426968052735447,4233.814696384699,0_67,0
39.28371006591931,5057.124380162156,0_67,0
47.14045207910317,5859.196201757201,0_67,0
54.99719409228703,6610.308694986212,0_67,0
62.85393610547089,7461.234396437669,0_67,0
70.71067811865476,8224.586012196163,0_67,0
0.0,0.0,0_68,0
7.856742013183862,587.3330984612444,0_68,0
15.713484026367723,1490.3254532583283,0_68,0
23.570226039551585,2482.262713276971,0_68,0
31.426968052735447,4134.013636767089,0_68,0
39.28371006591931,5062.045427622354,0_68,0
47.14045207910317,5948.558377313882,0_68,0
54.99719409228703,6855.135621155356,0_68,0
62.85393610547089,7736.972017487908,0_68,0
70.71067811865476,8597.914523804235,0_68,0
0.0,0.0,0_69,0
7.856742013183862,697.1231008024145,0_69,0
15.713484026367723,1874.7478334100963,0_69,0
23.570226039551585,3027.754124176108,0_69,0
31.426968052735447,4553.602843238783,0_69,0
39.28371006591931,5403.457442046913,0_69,0
47.14045207910317,6249.837158140977,0_69,0
54.99719409228703,7168.815995030398,0_69,0
62.85393610547089,8047.863966829718,0_69,0
70.71067811865476,8893.512015011904,0_69,0
0.0,0.0,0_70,0
7.856742013183862,764.2352299288876,0_70,0
15.713484026367723,2006.7877102249956,0_70,0
23.570226039551585,2991.8256665374142,0_70,0
31.426968052735447,4327.010844023679,0_70,0
39.28371006591931,5168.630838469207,0_70,0
47.14045207910317,6001.780068888694,0_70,0
54.99719409228703,6877.008557603254,0_70,0
62.85393610547089,7711.458946317021,0_70,0
70.71067811865476,8525.624240925903,0_70,0
0.0,0.0,0_71,0
7.856742013183862,991.0083035345006,0_71,0
15.713484026367723,2481.9898525873323,0_71,0
23.570226039551585,3502.0992934962674,0_71,0
31.426968052735447,4500.916440909202,0_71,0
39.28371006591931,5200.588354827337,0_71,0
47.14045207910317,5817.563299112893,0_71,0
54.99719409228703,6524.482230710302,0_71,0
62.85393610547089,7170.854209275992,0_71,0
70.71067811865476,7790.403312704591,0_71,0
0.0,0.0,0_72,0
7.856742013183862,1028.6487530611025,0_72,0
15.713484026367723,1784.659572385885,0_72,0
23.570226039551585,3178.9584868956563,0_72,0
31.426968052735447,5559.162789128233,0_72,0
39.28371006591931,6634.803808279316,0_72,0
47.14045207910317,7451.481044420358,0_72,0
54.99719409228703,8237.38168846612,0_72,0
62.85393610547089,9021.4743621418,0_72,0
70.71067811865476,9805.481622574343,0_72,0
0.0,0.0,0_73,0
7.856742013183862,636.9566395724781,0_73,0
15.713484026367723,1732.7341936017126,0_73,0
23.570226039551585,2710.5518591607793,0_73,0
31.426968052735447,4140.222852468127,0_73,0
39.28371006591931,5014.947403044354,0_73,0
47.14045207910317,5847.270783076058,0_73,0
54.99719409228703,6672.070936027241,0_73,0
62.85393610547089,7508.5899737219115,0_73,0
70.71067811865476,8294.612527267414,0_73,0
0.0,0.0,0_74,0
7.856742013183862,622.5357614137479,0_74,0
15.713484026367723,1501.848418727166,0_74,0
23.570226039551585,2567.4854557392414,0_74,0
31.426968052735447,4209.582108452536,0_74,0
39.28371006591931,5269.8247753003325,0_74,0
47.14045207910317,6235.565268437306,0_74,0
54.99719409228703,7287.02777974914,0_74,0
62.85393610547089,8243.42580451984,0_74,0
70.71067811865476,9141.73869742162,0_74,0
0.0,0.0,0_75,0
7.856742013183862,608.9561625501921,0_75,0
15.713484026367723,1663.3309593448412,0_75,0
23.570226039551585,2659.2801810931087,0_75,0
31.426968052735447,3520.974737989028,0_75,0
39.28371006591931,4303.725137388952,0_75,0
47.14045207910317,5072.727295675988,0_75,0
54.99719409228703,5841.521068321417,0_75,0
62.85393610547089,6682.839729492707,0_75,0
70.71067811865476,7479.15579402167,0_75,0
0.0,0.0,0_76,0
7.856742013183862,491.20581224504446,0_76,0
15.713484026367723,1255.9409263667435,0_76,0
23.570226039551585,2309.8242104788746,0_76,0
31.426968052735447,3850.0429080297954,0_76,0
39.28371006591931,5351.35187541875,0_76,0
47.14045207910317,6558.905258116506,0_76,0
54.99719409228703,7677.050267178909,0_76,0
62.85393610547089,8751.390455754476,0_76,0
70.71067811865476,9814.8770098561,0_76,0
0.0,0.0,0_77,0
7.856742013183862,685.4370508861166,0_77,0
15.713484026367723,2011.0062654788776,0_77,0
23.570226039551585,3150.523443837607,0_77,0
31.426968052735447,4516.151662958568,0_77,0
39.28371006591931,5362.462584775119,0_77,0
47.14045207910317,6197.026972411815,0_77,0
54.99719409228703,7029.292861225101,0_77,0
62.85393610547089,7770.735796875614,0_77,0
70.71067811865476,8476.815279727072,0_77,0
0.0,0.0,0_78,0
7.856742013183862,725.3832644693044,0_78,0
15.713484026367723,1498.4453009399363,0_78,0
23.570226039551585,2529.2301681671634,0_78,0
31.426968052735447,3671.650458835503,0_78,0
39.28371006591931,4547.496668770917,0_78,0
47.14045207910317,5383.213697501027,0_78,0
54.99719409228703,6167.671636909136,0_78,0
62.85393610547089,6954.819019283321,0_78,0
70.71067811865476,7738.582937177489,0_78,0
0.0,0.0,0_79,0
7.856742013183862,1275.5604613078258,0_79,0
15.713484026367723,2508.981389292358,0_79,0
23.570226039551585,3374.1758404799357,0_79,0
31.426968052735447,5720.7449418834085,0_79,0
39.28371006591931,6863.398023801246,0_79,0
47.14045207910317,7788.2008132024175,0_79,0
54.99719409228703,8573.160230416146,0_79,0
62.85393610547089,9253.062029960862,0_79,0
70.71067811865476,9938.011421973893,0_79,0
0.0,0.0,0_80,0
7.856742013183862,485.17935839006327,0_80,0
15.713484026367723,1327.620266977719,0_80,0
23.570226039551585,2425.7550686550603,0_80,0
31.426968052735447,3794.8944349006974,0_80,0
39.28371006591931,4813.024879698828,0_80,0
47.14045207910317,5761.1753169198255,0_80,0
54.99719409228703,6699.945922672003,0_80,0
62.85393610547089,7651.506808989717,0_80,0
70.71067811865476,8581.034327573001,0_80,0
0.0,0.0,0_81,0
7.856742013183862,880.210983430314,0_81,0
15.713484026367723,2319.7181393350656,0_81,0
23.570226039551585,3718.833315255078,0_81,0
31.426968052735447,5046.5297024996,0_81,0
39.28371006591931,5930.879292412902,0_81,0
47.14045207910317,6738.841913391829,0_81,0
54.99719409228703,7556.5843506911715,0_81,0
62.85393610547089,8320.330676507356,0_81,0
70.71067811865476,9032.058410290541,0_81,0
0.0,0.0,0_82,0
7.856742013183862,637.7379696290233,0_82,0
15.713484026367723,1591.8996393954485,0_82,0
23.570226039551585,2788.2727837978946,0_82,0
31.426968052735447,4095.136356642223,0_82,0
39.28371006591931,4980.484505014044,0_82,0
47.14045207910317,5862.461784676344,0_82,0
54.99719409228703,6726.780989999124,0_82,0
62.85393610547089,7549.060520053733,0_82,0
70.71067811865476,8354.800631347316,0_82,0
0.0,0.0,0_83,0
7.856742013183862,1115.965448109873,0_83,0
15.713484026367723,2153.984357463288,0_83,0
23.570226039551585,3203.127461872371,0_83,0
31.426968052735447,4696.2678345347485,0_83,0
39.28371006591931,5560.583916882777,0_83,0
47.14045207910317,6445.169013722828,0_83,0
54.99719409228703,7257.688502533688,0_83,0
62.85393610547089,8054.407029479796,0_83,0
70.71067811865476,8804.077285958549,0_83,0
0.0,0.0,0_84,0
7.856742013183862,963.8878715905353,0_84,0
15.713484026367723,2446.897511023431,0_84,0
23.570226039551585,3570.0840360848615,0_84,0
31.426968052735447,4616.467914701254,0_84,0
39.28371006591931,5591.046050928509,0_84,0
47.14045207910317,6494.452914283303,0_84,0
54.99719409228703,7341.639619338628,0_84,0
62.85393610547089,8128.966559110256,0_84,0
70.71067811865476,8870.00890855357,0_84,0
0.0,0.0,0_85,0
7.856742013183862,560.8632391916173,0_85,0
15.713484026367723,1610.4804650616318,0_85,0
23.570226039551585,2628.5609877209545,0_85,0
31.426968052735447,3642.609535788954,0_85,0
39.28371006591931,4507.838398634246,0_85,0
47.14045207910317,5333.807575371189,0_85,0
54.99719409228703,6152.439536935213,0_85,0
62.85393610547089,6980.175172257749,0_85,0
70.71067811865476,7862.258537179521,0_85,0
0.0,0.0,0_86,0
7.856742013183862,639.1252237478307,0_86,0
15.713484026367723,1809.8182836353458,0_86,0
23.570226039551585,2939.0847075807,0_86,0
31.426968052735447,4189.519597080601,0_86,0
39.28371006591931,5099.485045229333,0_86,0
47.14045207910317,5942.847357616435,0_86,0
54.99719409228703,6721.356308004678,0_86,0
62.85393610547089,7493.085624156689,0_86,0
70.71067811865476,8266.641313350152,0_86,0
0.0,0.0,0_87,0
7.856742013183862,642.8852932183387,0_87,0
15.713484026367723,1687.3778995727012,0_87,0
23.570226039551585,2651.4944823734977,0_87,0
31.426968052735447,3550.3005701123175,0_87,0
39.28371006591931,4351.802804279814,0_87,0
47.14045207910317,5145.704448229858,0_87,0
54.99719409228703,5933.412158971823,0_87,0
62.85393610547089,6720.616154778332,0_87,0
70.71067811865476,7540.292872187486,0_87,0
0.0,0.0,0_88,0
7.856742013183862,467.5155290057347,0_88,0
15.713484026367723,1342.4494101274017,0_88,0
23.570226039551585,2520.064100267083,0_88,0
31.426968052735447,3725.0503139459747,0_88,0
39.28371006591931,4670.6010444113235,0_88,0
47.14045207910317,5645.997166519193,0_88,0
54.99719409228703,6557.866655004872,0_88,0
62.85393610547089,7405.0916940662955,0_88,0
70.71067811865476,8255.254821997301,0_88,0
0.0,0.0,0_89,0
7.856742013183862,698.2146923603891,0_89,0
15.713484026367723,1894.507171161299,0_89,0
23.570226039551585,2952.254814123906,0_89,0
31.426968052735447,4060.684967003152,0_89,0
39.28371006591931,4901.098130442423,0_89,0
47.14045207910317,5743.83116357932,0_89,0
54.99719409228703,6524.019940337808,0_89,0
62.85393610547089,7306.618113084511,0_89,0
70.71067811865476,8077.925817997847,0_89,0
0.0,0.0,0_90,0
7.856742013183862,540.0740970373863,0_90,0
15.713484026367723,1605.2610216528851,0_90,0
23.570226039551585,2556.7559659437425,0_90,0
31.426968052735447,3511.057755770974,0_90,0
39.28371006591931,4350.263400506666,0_90,0
47.14045207910317,5179.440526107604,0_90,0
54.99719409228703,6033.398330952582,0_90,0
62.85393610547089,6899.369347106779,0_90,0
70.71067811865476,7767.2796476884305,0_90,0
0.0,0.0,0_91,0
7.856742013183862,682.430330028173,0_91,0
15.713484026367723,2172.3332758031643,0_91,0
23.570226039551585,3378.000436212593,0_91,0
31.426968052735447,4781.922093368743,0_91,0
39.28371006591931,5695.610825388953,0_91,0
47.14045207910317,6569.9605373801605,0_91,0
54.99719409228703,7532.4198797759755,0_91,0
62.85393610547089,8462.012949476848,0_91,0
70.71067811865476,9237.90502150446,0_91,0
0.0,0.0,0_92,0
7.856742013183862,785.6461765495089,0_92,0
15.713484026367723,1822.594311220931,0_92,0
23.570226039551585,2994.6510529945,0_92,0
31.426968052735447,4176.31212840831,0_92,0
39.28371006591931,5153.671979529601,0_92,0
47.14045207910317,6164.505081996778,0_92,0
54.99719409228703,7169.179103332905,0_92,0
62.85393610547089,8082.991424737234,0_92,0
70.71067811865476,8973.61287561329,0_92,0
0.0,0.0,0_93,0
7.856742013183862,654.4488549611988,0_93,0
15.713484026367723,1536.369095288212,0_93,0
23.570226039551585,2442.9369001624264,0_93,0
31.426968052735447,3752.536028273323,0_93,0
39.28371006591931,4589.9879382790905,0_93,0
47.14045207910317,5429.985981965466,0_93,0
54.99719409228703,6262.919187644154,0_93,0
62.85393610547089,7073.214076239101,0_93,0
70.71067811865476,7898.819829558933,0_93,0
0.0,0.0,0_94,0
7.856742013183862,716.7559016529569,0_94,0
15.713484026367723,1824.1761700964269,0_94,0
23.570226039551585,2802.7923658423597,0_94,0
31.426968052735447,3637.580879236242,0_94,0
39.28371006591931,4412.929508884621,0_94,0
47.14045207910317,5200.115635971965,0_94,0
54.99719409228703,5972.653116137786,0_94,0
62.85393610547089,6764.715638038718,0_94,0
70.71067811865476,7572.640572768822,0_94,0
0.0,0.0,0_95,0
7.856742013183862,598.1116455452712,0_95,0
15.713484026367723,1723.5451938045355,0_95,0
23.570226039551585,2844.2201834706716,0_95,0
31.426968052735447,4042.467898219841,0_95,0
39.28371006591931,4916.95320985186,0_95,0
47.14045207910317,5752.542524680558,0_95,0
54.99719409228703,6584.563776493175,0_95,0
62.85393610547089,7455.965272849657,0_95,0
70.71067811865476,8427.233695839686,0_95,0
0.0,0.0,0_96,0
7.856742013183862,590.8856846957781,0_96,0
15.713484026367723,1619.1599354187567,0_96,0
23.570226039551585,2651.4366921678725,0_96,0
31.426968052735447,3686.5591696962147,0_96,0
39.28371006591931,4604.727243928449,0_96,0
47.14045207910317,5465.269492538632,0_96,0
54.99719409228703,6318.656633359787,0_96,0
62.85393610547089,7174.133216040055,0_96,0
70.71067811865476,8020.199828180765,0_96,0
0.0,0.0,0_97,0
7.856742013183862,595.3786956578656,0_97,0
15.713484026367723,1531.8253122087883,0_97,0
23.570226039551585,2525.538841183852,0_97,0
31.426968052735447,4104.035388130446,0_97,0
39.28371006591931,5142.856462129311,0_97,0
47.14045207910317,6047.530830073823,0_97,0
54.99719409228703,6889.769746900159,0_97,0
62.85393610547089,7686.631072713966,0_97,0
70.71067811865476,8470.067070854133,0_97,0
0.0,0.0,0_98,0
7.856742013183862,707.8424395150216,0_98,0
15.713484026367723,2051.6693156476235,0_98,0
23.570226039551585,3082.9773976922124,0_98,0
31.426968052735447,4243.434017944472,0_98,0
39.28371006591931,5065.588320305399,0_98,0
47.14045207910317,5863.360330205425,0_98,0
54.99719409228703,6590.00760954017,0_98,0
62.85393610547089,7369.629835398913,0_98,0
70.71067811865476,8172.962350021303,0_98,0
0.0,0.0,0_99,0
7.856742013183862,968.9433428843498,0_99,0
15.713484026367723,2475.51261287325,0_99,0
23.570226039551585,3555.962374386817,0_99,0
31.426968052735447,4485.440371468316,0_99,0
39.28371006591931,5235.592466175485,0_99,0
47.14045207910317,6044.564147050079,0_99,0
54.99719409228703,6817.3016234792285,0_99,0
62.85393610547089,7594.465099191555,0_99,0
70.71067811865476,8272.985594853486,0_99,0
0.0,0.0,1_0,1
7.856742013183862,1057.041431086991,1_0,1
15.713484026367723,2376.0649762508197,1_0,1
23.570226039551585,3326.8680506546275,1_0,1
31.426968052735447,4241.243198734368,1_0,1
39.28371006591931,5029.178131265715,1_0,1
47.14045207910317,5805.833646039508,1_0,1
54.99719409228703,6537.844819571746,1_0,1
62.85393610547089,7241.344581175514,1_0,1
70.71067811865476,7919.583746160725,1_0,1
0.0,0.0,1_1,1
7.856742013183862,573.9083923807193,1_1,1
15.713484026367723,1537.3678116784586,1_1,1
23.570226039551585,2552.381718589274,1_1,1
31.426968052735447,3556.8142488506387,1_1,1
39.28371006591931,4511.309943353638,1_1,1
47.14045207910317,5397.319710117345,1_1,1
54.99719409228703,6271.924497138509,1_1,1
62.85393610547089,7155.9259525153575,1_1,1
70.71067811865476,8016.062419147365,1_1,1
0.0,0.0,1_2,1
7.856742013183862,724.2567706116771,1_2,1
15.713484026367723,1979.176196508899,1_2,1
23.570226039551585,3055.756074734484,1_2,1
31.426968052735447,4079.834062771158,1_2,1
39.28371006591931,4937.8551799123925,1_2,1
47.14045207910317,5740.090697047586,1_2,1
54.99719409228703,6591.401839870382,1_2,1
62.85393610547089,7392.532526865924,1_2,1
70.71067811865476,8190.648559518848,1_2,1
0.0,0.0,1_3,1
7.856742013183862,734.1216361985621,1_3,1
15.713484026367723,2046.8701996470406,1_3,1
23.570226039551585,2989.497155012994,1_3,1
31.426968052735447,3978.830262855782,1_3,1
39.28371006591931,4775.520744241854,1_3,1
47.14045207910317,5588.769168080307,1_3,1
54.99719409228703,6418.711961326604,1_3,1
62.85393610547089,7212.3219927758555,1_3,1
70.71067811865476,8022.756401445967,1_3,1
0.0,0.0,1_4,1
7.856742013183862,591.99370345539,1_4,1
15.713484026367723,1639.8441570553312,1_4,1
23.570226039551585,2633.476669125499,1_4,1
31.426968052735447,3869.004773129645,1_4,1
39.28371006591931,4810.565801951292,1_4,1
47.14045207910317,5732.121837308097,1_4,1
54.99719409228703,6627.286088014156,1_4,1
62.85393610547089,7506.012775811887,1_4,1
70.71067811865476,8369.270225912698,1_4,1
0.0,0.0,1_5,1
7.856742013183862,560.4703999426413,1_5,1
15.713484026367723,1567.9191471602023,1_5,1
23.570226039551585,2624.1401376427966,1_5,1
31.426968052735447,3935.216404411838,1_5,1
39.28371006591931,4851.987821863977,1_5,1
47.14045207910317,5693.276551622689,1_5,1
54.99719409228703,6508.38429125957,1_5,1
62.85393610547089,7310.860033148891,1_5,1
70.71067811865476,8111.40669221711,1_5,1
0.0,0.0,1_6,1
7.856742013183862,577.3061410964518,1_6,1
15.713484026367723,1735.6851882835608,1_6,1
23.570226039551585,2758.1007040070454,1_6,1
31.426968052735447,4031.2934638364563,1_6,1
39.28371006591931,4942.653536832597,1_6,1
47.14045207910317,5825.87364058677,1_6,1
54.99719409228703,6733.358841201894,1_6,1
62.85393610547089,7606.077910154461,1_6,1
70.71067811865476,8488.37700679911,1_6,1
0.0,0.0,1_7,1
7.856742013183862,485.36404970631605,1_7,1
15.713484026367723,1400.4198251795383,1_7,1
23.570226039551585,2459.521721439682,1_7,1
31.426968052735447,3565.926129138323,1_7,1
39.28371006591931,4458.015112887191,1_7,1
47.14045207910317,5330.932610443842,1_7,1
54.99719409228703,6203.7969056835545,1_7,1
62.85393610547089,7071.084598393136,1_7,1
70.71067811865476,7943.413573621574,1_7,1
0.0,0.0,1_8,1
7.856742013183862,629.7523931785083,1_8,1
15.713484026367723,1804.045790516023,1_8,1
23.570226039551585,2803.6265810210266,1_8,1
31.426968052735447,3692.3526098234956,1_8,1
39.28371006591931,4508.715847190785,1_8,1
47.14045207910317,5310.9186158190105,1_8,1
54.99719409228703,6093.552638714265,1_8,1
62.85393610547089,6878.566078236332,1_8,1
70.71067811865476,7662.830596739847,1_8,1
0.0,0.0,1_9,1
7.856742013183862,797.2793874540414,1_9,1
15.713484026367723,2427.2800550006464,1_9,1
23.570226039551585,3828.9156745377413,1_9,1
31.426968052735447,5647.911909366753,1_9,1
39.28371006591931,6731.2896351598065,1_9,1
47.14045207910317,7525.096017633808,1_9,1
54.99719409228703,8258.801872724518,1_9,1
62.85393610547089,8882.105826485018,1_9,1
70.71067811865476,9429.767521133215,1_9,1
0.0,0.0,1_10,1
7.856742013183862,582.7946872229611,1_10,1
15.713484026367723,1374.8486304932123,1_10,1
23.570226039551585,2410.0648633962464,1_10,1
31.426968052735447,4127.235179708597,1_10,1
39.28371006591931,5226.0100991838735,1_10,1
47.14045207910317,6182.863917020841,1_10,1
54.99719409228703,7129.155622950158,1_10,1
62.85393610547089,8090.818460846665,1_10,1
70.71067811865476,9000.836899109781,1_10,1
0.0,0.0,1_11,1
7.856742013183862,653.8032407418056,1_11,1
15.713484026367723,1877.917413999307,1_11,1
23.570226039551585,2829.231000063546,1_11,1
31.426968052735447,4038.944853629748,1_11,1
39.28371006591931,4853.78003543732,1_11,1
47.14045207910317,5696.357627726716,1_11,1
54.99719409228703,6530.336912432694,1_11,1
62.85393610547089,7299.490575692635,1_11,1
70.71067811865476,8069.143262769534,1_11,1
0.0,0.0,1_12,1
7.856742013183862,549.9351853869914,1_12,1
15.713484026367723,1369.3177934313803,1_12,1
23.570226039551585,2489.7299611335043,1_12,1
31.426968052735447,4133.837282808961,1_12,1
39.28371006591931,5246.065300622584,1_12,1
47.14045207910317,6248.31539280902,1_12,1
54.99719409228703,7153.665966218694,1_12,1
62.85393610547089,8009.216340206947,1_12,1
70.71067811865476,8880.44591456182,1_12,1
0.0,0.0,1_13,1
7.856742013183862,633.627053519087,1_13,1
15.713484026367723,1712.7376173297787,1_13,1
23.570226039551585,2723.265127843761,1_13,1
31.426968052735447,4118.532401844358,1_13,1
39.28371006591931,5080.0133523318045,1_13,1
47.14045207910317,6088.875888937107,1_13,1
54.99719409228703,6973.51856594057,1_13,1
62.85393610547089,7817.341545646614,1_13,1
70.71067811865476,8614.439797798354,1_13,1
0.0,0.0,1_14,1
7.856742013183862,740.2029926784342,1_14,1
15.713484026367723,1965.712268328124,1_14,1
23.570226039551585,2943.7653681682114,1_14,1
31.426968052735447,3914.6272605884487,1_14,1
39.28371006591931,4811.471448108105,1_14,1
47.14045207910317,5661.143278926437,1_14,1
54.99719409228703,6516.031718263371,1_14,1
62.85393610547089,7355.76144759284,1_14,1
70.71067811865476,8199.052301225563,1_14,1
0.0,0.0,1_15,1
7.856742013183862,712.6946625640685,1_15,1
15.713484026367723,2010.5182685106986,1_15,1
23.570226039551585,3176.104088940259,1_15,1
31.426968052735447,4548.491641073805,1_15,1
39.28371006591931,5305.361856682655,1_15,1
47.14045207910317,6057.973964182767,1_15,1
54.99719409228703,6805.529905378817,1_15,1
62.85393610547089,7550.266487351049,1_15,1
70.71067811865476,8428.820053196769,1_15,1
0.0,0.0,1_16,1
7.856742013183862,543.4737750266942,1_16,1
15.713484026367723,1160.958978020581,1_16,1
23.570226039551585,2236.0124918896545,1_16,1
31.426968052735447,4014.269083006957,1_16,1
39.28371006591931,5250.30572006416,1_16,1
47.14045207910317,6317.09563172059,1_16,1
54.99719409228703,7304.330364410542,1_16,1
62.85393610547089,8256.272638514822,1_16,1
70.71067811865476,9224.401553534146,1_16,1
0.0,0.0,1_17,1
7.856742013183862,1023.1202020084361,1_17,1
15.713484026367723,2780.76877720974,1_17,1
23.570226039551585,4040.074079585198,1_17,1
31.426968052735447,5433.880754167957,1_17,1
39.28371006591931,6255.8340515310165,1_17,1
47.14045207910317,7001.49205453796,1_17,1
54.99719409228703,7818.567527451704,1_17,1
62.85393610547089,8542.637330524207,1_17,1
70.71067811865476,9221.71348939555,1_17,1
0.0,0.0,1_18,1
7.856742013183862,685.2605529603114,1_18,1
15.713484026367723,2031.796678523594,1_18,1
23.570226039551585,3324.1682587526834,1_18,1
31.426968052735447,4695.23167845996,1_18,1
39.28371006591931,5813.763515939334,1_18,1
47.14045207910317,6737.650657889998,1_18,1
54.99719409228703,7707.110975898426,1_18,1
62.85393610547089,8713.565774314702,1_18,1
70.71067811865476,9646.536824040435,1_18,1
0.0,0.0,1_19,1
7.856742013183862,1202.934347652128,1_19,1
15.713484026367723,2489.342590942839,1_19,1
23.570226039551585,3403.7122200706144,1_19,1
31.426968052735447,5629.6792109875705,1_19,1
39.28371006591931,6495.62405035746,1_19,1
47.14045207910317,7267.312887167257,1_19,1
54.99719409228703,8019.179961424616,1_19,1
62.85393610547089,8829.057192994658,1_19,1
70.71067811865476,9583.0874656971,1_19,1
